source_id,url,fetched_at,http_status,content_type,content_length,content_sha256,etag,last_modified,outcome,raw_ref,reason,warnings
apify.store.actors,https://api.apify.com/v2/store?limit=1000&offset=0,2026-10-01T10:25:46Z,200,application/json,4001773,5b5af312499bd631200671b1f604dfb93bee91dd7d04e146e8df960b771750ff,"W/""3d0fed-g+kOE9LqvOXP0VWHk8oDzmIXqak""",,changed,raw/apify.store.actors/2026/10/20261001T102546Z-5b5af312499b.json.gz,,"projected:userPictureUrl,pictureUrl,url"
apify.store.actors,https://api.apify.com/v2/store?limit=1000&offset=1000,2026-10-01T10:25:51Z,200,application/json,3574679,90d992ac96bbf7c854ae8b5e80f5f2f35d025f8bb59fc5fbcf623e99fbc3ed9c,"W/""368b97-8cfqH4yMZYUPe/xHBYxROwt7Bco""",,changed,raw/apify.store.actors/2026/10/20261001T102551Z-90d992ac96bb.json.gz,,"projected:userPictureUrl,pictureUrl,url"
apify.store.actors,https://api.apify.com/v2/store?limit=1000&offset=2000,2026-10-01T10:25:54Z,200,application/json,2743404,2b43385127e28d82dd07cd7e12dc6d14a58de11681b91d0f1738ff4b5eadb5c5,"W/""29dc6c-fcb9IVnPM6dirfawZ8GUgK1/4/w""",,changed,raw/apify.store.actors/2026/10/20261001T102554Z-2b43385127e2.json.gz,,"projected:userPictureUrl,pictureUrl,url"
apify.store.actors,https://api.apify.com/v2/store?limit=1000&offset=3000,2026-10-01T10:25:56Z,200,application/json,2812990,8bf8d7a4e745b84efc6ad6ac0abf5c2c76a67186f5138b5b42185c36789c776b,"W/""2aec3e-4Dd2+q7YMwJX+nckJUInvczEp1Y""",,changed,raw/apify.store.actors/2026/10/20261001T102556Z-8bf8d7a4e745.json.gz,,"projected:userPictureUrl,pictureUrl,url"
apify.store.actors,https://api.apify.com/v2/store?limit=1000&offset=4000,2026-10-01T10:25:58Z,200,application/json,2847419,57155112f9e46e605f11c7fd3e3c58b518bf5b09a949cd6902402171498a1938,"W/""2b72bb-pBumNIcdTUFHm8yQis1VJ//Bm4U""",,changed,raw/apify.store.actors/2026/10/20261001T102558Z-57155112f9e4.json.gz,,"projected:userPictureUrl,pictureUrl,url"
apify.store.actors,https://api.apify.com/v2/store?limit=1000&offset=5000,2026-10-01T10:26:01Z,200,application/json,2863573,86ff0e0b44c512e091ecb5c2d1d4b06b0b0bcc72404ad2396b801b6ce9d53ea3,"W/""2bb1d5-I7RzwJjFlPNM/7bnWvRXyyIpiQE""",,changed,raw/apify.store.actors/2026/10/20261001T102601Z-86ff0e0b44c5.json.gz,,"projected:userPictureUrl,pictureUrl,url"
apify.store.actors,https://api.apify.com/v2/store?limit=1000&offset=6000,2026-10-01T10:26:03Z,200,application/json,2932196,ace0e8fb9a44de5758769d97f1dd8f25c826d506f8a95a690702ba264b8740fb,"W/""2cbde4-Q06x7VjSvXfm18Yzlqc+Wwz1gO8""",,changed,raw/apify.store.actors/2026/10/20261001T102603Z-ace0e8fb9a44.json.gz,,"projected:userPictureUrl,pictureUrl,url"
apify.store.actors,https://api.apify.com/v2/store?limit=1000&offset=7000,2026-10-01T10:26:06Z,200,application/json,2862142,31b1a5967d265d6dca7c574f4f89ae925b6bfb118db58d8dbfb293c36c32da73,"W/""2bac3e-5/jEgv3ECPsTisejiDHEQhR6Fio""",,changed,raw/apify.store.actors/2026/10/20261001T102606Z-31b1a5967d26.json.gz,,"projected:userPictureUrl,pictureUrl,url"
apify.store.actors,https://api.apify.com/v2/store?limit=1000&offset=8000,2026-10-01T10:26:08Z,200,application/json,2870344,04d5169935a337a61ea607266b65e43811812933c07571713aa20ecee3ed7fbf,"W/""2bcc48-I8kCEgfK8wZxDozP0eL0bhy05m8""",,changed,raw/apify.store.actors/2026/10/20261001T102608Z-04d5169935a3.json.gz,,"projected:userPictureUrl,pictureUrl,url"
apify.store.actors,https://api.apify.com/v2/store?limit=1000&offset=9000,2026-10-01T10:26:11Z,200,application/json,2787419,9efda350a2412a7b4d038f48b4ca13f4469e2925e00943030b66f97e573b13d4,"W/""2a885b-JXqxiYWVrlHBNSRT9lC9ms8nIC8""",,changed,raw/apify.store.actors/2026/10/20261001T102611Z-9efda350a241.json.gz,,"projected:userPictureUrl,pictureUrl,url"
apify.store.actors,https://api.apify.com/v2/store?limit=1000&offset=10000,2026-10-01T10:26:14Z,200,application/json,2550069,999670f6414f2f40bac15be1b97428ce86d45d133db33cc35af9a63bae1b5e08,"W/""26e935-U6T8AxmB8iYaPjE+vRCVScrs6T4""",,changed,raw/apify.store.actors/2026/10/20261001T102614Z-999670f6414f.json.gz,,"projected:userPictureUrl,pictureUrl,url"
apify.store.actors,https://api.apify.com/v2/store?limit=1000&offset=11000,2026-10-01T10:26:16Z,200,application/json,2845064,0c373e9f69c8c3e7bd18690a5b643c076a4150672d9f891d371194e401d73cfc,"W/""2b6988-2HUIvvN48wuKlJ9X+5BWlC3BwDc""",,changed,raw/apify.store.actors/2026/10/20261001T102616Z-0c373e9f69c8.json.gz,,"projected:userPictureUrl,pictureUrl,url"
apify.store.actors,https://api.apify.com/v2/store?limit=1000&offset=12000,2026-10-01T10:26:18Z,200,application/json,2901616,2508f41468ed2a918223776ed6126521d59f2742d7a4c2c912b424e072b3f962,"W/""2c4670-AfMWzZkvBHnE2RFujOi/MwHtNNk""",,changed,raw/apify.store.actors/2026/10/20261001T102618Z-2508f41468ed.json.gz,,"projected:userPictureUrl,pictureUrl,url"
apify.store.actors,https://api.apify.com/v2/store?limit=1000&offset=13000,2026-10-01T10:26:22Z,200,application/json,3558493,3df7e53c11a145770e2473f3f563256f8ad3c8bfa476ad44244c45cfa141f18d,"W/""364c5d-vo5Altwx05ehNbqDK83cCVkDANE""",,changed,raw/apify.store.actors/2026/10/20261001T102622Z-3df7e53c11a1.json.gz,,"projected:userPictureUrl,pictureUrl,url"
apify.store.actors,https://api.apify.com/v2/store?limit=1000&offset=14000,2026-10-01T10:26:24Z,200,application/json,3108097,e7509825cf06717ab8d33e5ff831a68fec3821e5d1a5c9d000937ac43c115f7c,"W/""2f6d01-Om52EKoB+Rvk1dp3+Y13rS5rZzQ""",,changed,raw/apify.store.actors/2026/10/20261001T102624Z-e7509825cf06.json.gz,,"projected:userPictureUrl,pictureUrl,url"
apify.store.actors,https://api.apify.com/v2/store?limit=1000&offset=15000,2026-10-01T10:26:26Z,200,application/json,2849812,e3088571b3fb272d3b20f12abc7bed2204cf6761cf5802f409c6e713e85ff906,"W/""2b7c14-8U/mqUcusuBAJjf12gT5xJYmuS0""",,changed,raw/apify.store.actors/2026/10/20261001T102626Z-e3088571b3fb.json.gz,,"projected:userPictureUrl,pictureUrl,url"
apify.store.actors,https://api.apify.com/v2/store?limit=1000&offset=0&category=AUTOMATION,2026-10-01T10:26:29Z,200,application/json,3857602,3e1e7b56911474e1ec9a760eaad95aa2c8e0c1c5c7c84a77a0d485295de262b7,"W/""3adcc2-Y7jpftcuLz6pgrfc/uOGSnppn1s""",,changed,raw/apify.store.actors/2026/10/20261001T102629Z-3e1e7b569114.json.gz,,"projected:userPictureUrl,pictureUrl,url"
apify.store.actors,https://api.apify.com/v2/store?limit=1000&offset=1000&category=AUTOMATION,2026-10-01T10:26:32Z,200,application/json,3495640,c248a11d7bf7e065df24a7d24484f26f33d6da6aa43ee88b9385826072a77c41,"W/""3556d8-c2HSPLXj2R3ppnpm0QeCWuIOTRY""",,changed,raw/apify.store.actors/2026/10/20261001T102632Z-c248a11d7bf7.json.gz,,"projected:userPictureUrl,pictureUrl,url"
apify.store.actors,https://api.apify.com/v2/store?limit=1000&offset=2000&category=AUTOMATION,2026-10-01T10:26:34Z,200,application/json,3033860,67ca2dacfe1ee6c1f6c64cfb84526e3c6cb32fb90e43a331b8a7a6f6ddd07d9f,"W/""2e4b04-xRQhYoqVLVYpbupJusHXG2wjQsc""",,changed,raw/apify.store.actors/2026/10/20261001T102634Z-67ca2dacfe1e.json.gz,,"projected:userPictureUrl,pictureUrl,url"
apify.store.actors,https://api.apify.com/v2/store?limit=1000&offset=3000&category=AUTOMATION,2026-10-01T10:26:37Z,200,application/json,3055098,98818cdb32ba9a2c160a32b520188a749593d156444e633ebe50c8fae833d643,"W/""2e9dfa-RWyQeYNiTL1KzAv4Rwl5slCD/EU""",,changed,raw/apify.store.actors/2026/10/20261001T102637Z-98818cdb32ba.json.gz,,"projected:userPictureUrl,pictureUrl,url"
apify.store.actors,https://api.apify.com/v2/store?limit=1000&offset=4000&category=AUTOMATION,2026-10-01T10:26:40Z,200,application/json,3009519,d488ae50545a4c2c2a3a1807256a990eec23adff8b22e77691a1290b2ae59d50,"W/""2debef-ywwGCtXI758JRKesBByAx/IMnwU""",,changed,raw/apify.store.actors/2026/10/20261001T102640Z-d488ae50545a.json.gz,,"projected:userPictureUrl,pictureUrl,url"
apify.store.actors,https://api.apify.com/v2/store?limit=1000&offset=5000&category=AUTOMATION,2026-10-01T10:26:42Z,200,application/json,3065733,97d6d4b9894ecbc602964867564bf30880960766352355a11cec100600be13ca,"W/""2ec785-qj5hTiVK+V7AbJNpri3RzmXUACo""",,changed,raw/apify.store.actors/2026/10/20261001T102642Z-97d6d4b9894e.json.gz,,"projected:userPictureUrl,pictureUrl,url"
apify.store.actors,https://api.apify.com/v2/store?limit=1000&offset=6000&category=AUTOMATION,2026-10-01T10:26:45Z,200,application/json,3008289,01c095513671e099a19b0559784a23805a15bd5013c2e0fae63a4704c34d7ae8,"W/""2de721-e+ozDwLNIb/xgrtp87EERqtjz18""",,changed,raw/apify.store.actors/2026/10/20261001T102645Z-01c095513671.json.gz,,"projected:userPictureUrl,pictureUrl,url"
apify.store.actors,https://api.apify.com/v2/store?limit=1000&offset=7000&category=AUTOMATION,2026-10-01T10:26:47Z,200,application/json,3182673,2cd9a2ac45702fe7683c4ea9bca680702be12ef7962c36ee0686a00b27bf5396,"W/""309051-SQmnVRBCXSRkBVPv3vRJZlCKPiQ""",,changed,raw/apify.store.actors/2026/10/20261001T102647Z-2cd9a2ac4570.json.gz,,"projected:userPictureUrl,pictureUrl,url"
apify.store.actors,https://api.apify.com/v2/store?limit=1000&offset=8000&category=AUTOMATION,2026-10-01T10:26:50Z,200,application/json,3140104,81d01e08dc816fe8aef61f513749df501d44dec3e083e4bd2d53a85ae02f017c,"W/""2fea08-s72OOkqdCeAryDo7vu7ii+jrxec""",,changed,raw/apify.store.actors/2026/10/20261001T102650Z-81d01e08dc81.json.gz,,"projected:userPictureUrl,pictureUrl,url"
apify.store.actors,https://api.apify.com/v2/store?limit=1000&offset=9000&category=AUTOMATION,2026-10-01T10:26:52Z,200,application/json,3195026,e6e3fb973248ad5aa378e21bde226eb6b13c953a855a634fd1493b0a1750d21a,"W/""30c092-n/ECFTPIrmQeI0X814UqfDnLXzc""",,changed,raw/apify.store.actors/2026/10/20261001T102652Z-e6e3fb973248.json.gz,,"projected:userPictureUrl,pictureUrl,url"
apify.store.actors,https://api.apify.com/v2/store?limit=1000&offset=10000&category=AUTOMATION,2026-10-01T10:26:55Z,200,application/json,2532752,7155f826a01b68f9f678b87e8a44d9d92c1360e80f133d19e2a30c61f1ddbd07,"W/""26a590-lUHaeo6lF7+8dbhh5XPUkEPDcSo""",,changed,raw/apify.store.actors/2026/10/20261001T102655Z-7155f826a01b.json.gz,,"projected:userPictureUrl,pictureUrl,url"
apify.store.actors,https://api.apify.com/v2/store?limit=1000&offset=11000&category=AUTOMATION,2026-10-01T10:26:58Z,200,application/json,3128360,16fffa68c1d95debd13d25e789835be78af4fcb31d82ba5ed47fe5aeed20c3cf,"W/""2fbc28-uHdOIIHtEyRdAh5oEwXDZXSiEPY""",,changed,raw/apify.store.actors/2026/10/20261001T102658Z-16fffa68c1d9.json.gz,,"projected:userPictureUrl,pictureUrl,url"
apify.store.actors,https://api.apify.com/v2/store?limit=1000&offset=12000&category=AUTOMATION,2026-10-01T10:27:00Z,200,application/json,2990933,0e75a71f89aea716d6f0670915c4fdde751b34903e1c5d432d1618a3b8b7decc,"W/""2da355-ScsR/jtYacBbDe+rxgzOpiEdco0""",,changed,raw/apify.store.actors/2026/10/20261001T102700Z-0e75a71f89ae.json.gz,,"projected:userPictureUrl,pictureUrl,url"
apify.store.actors,https://api.apify.com/v2/store?limit=1000&offset=13000&category=AUTOMATION,2026-10-01T10:27:03Z,200,application/json,3160923,3246483912acd549ae638938d27b52df423fcde90972f5a95f645c6dfb16f380,"W/""303b5b-2QdBB2zfa4jNq9tTvYJMxo6LNwQ""",,changed,raw/apify.store.actors/2026/10/20261001T102703Z-3246483912ac.json.gz,,"projected:userPictureUrl,pictureUrl,url"
apify.store.actors,https://api.apify.com/v2/store?limit=1000&offset=14000&category=AUTOMATION,2026-10-01T10:27:05Z,200,application/json,2942750,63b173d94b30b14704aa72a4c404e32305f634dd962091952cbb064aaad478d1,"W/""2ce71e-nsFGQYdo2qmIa+HjOIhiRHcJayc""",,changed,raw/apify.store.actors/2026/10/20261001T102705Z-63b173d94b30.json.gz,,"projected:userPictureUrl,pictureUrl,url"
apify.store.actors,https://api.apify.com/v2/store?limit=1000&offset=15000&category=AUTOMATION,2026-10-01T10:27:08Z,200,application/json,3223038,5d5da10a41cc899ff35a6f31f4f6b5fa2e5d4073a99e85de9e7b3138c34e5bef,"W/""312dfe-MlKvIiVAN25fJEKpRMFcPVzAN2M""",,changed,raw/apify.store.actors/2026/10/20261001T102708Z-5d5da10a41cc.json.gz,,"projected:userPictureUrl,pictureUrl,url"
apify.store.actors,https://api.apify.com/v2/store?limit=1000&offset=0&category=LEAD_GENERATION,2026-10-01T10:27:10Z,200,application/json,3884688,0f1c926ee0881116be10eeec3bd01977bfdb26021d7f602e1711a944ba1367f9,"W/""3b4690-bh52MwvPAJBwhfiUkEWem3H/OPg""",,changed,raw/apify.store.actors/2026/10/20261001T102710Z-0f1c926ee088.json.gz,,"projected:userPictureUrl,pictureUrl,url"
apify.store.actors,https://api.apify.com/v2/store?limit=1000&offset=1000&category=LEAD_GENERATION,2026-10-01T10:27:13Z,200,application/json,3542122,83b2c5d44abd73c9ab782186dff6f34c580cc3827fbe2e718a2dcd71ba9189ed,"W/""360c6a-w3KxbTWX0szFLHavVwXg3kiM3q8""",,changed,raw/apify.store.actors/2026/10/20261001T102713Z-83b2c5d44abd.json.gz,,"projected:userPictureUrl,pictureUrl,url"
apify.store.actors,https://api.apify.com/v2/store?limit=1000&offset=2000&category=LEAD_GENERATION,2026-10-01T10:27:16Z,200,application/json,3436177,7907767a0f153c4b78d5b2e4e5cd61f53d4ccce8ab25c636c16ad40643949733,"W/""346e91-QfYo3Tf9Ry6DoQlw0MKT9hZM/q4""",,changed,raw/apify.store.actors/2026/10/20261001T102716Z-7907767a0f15.json.gz,,"projected:userPictureUrl,pictureUrl,url"
apify.store.actors,https://api.apify.com/v2/store?limit=1000&offset=3000&category=LEAD_GENERATION,2026-10-01T10:27:18Z,200,application/json,3217778,e966b593ab165d404d9702a080532bfa0242f0d40f457eea5ef49072af6caeee,"W/""311972-1kO53x7+zujHLe+DdKXGzzvo9DE""",,changed,raw/apify.store.actors/2026/10/20261001T102718Z-e966b593ab16.json.gz,,"projected:userPictureUrl,pictureUrl,url"
apify.store.actors,https://api.apify.com/v2/store?limit=1000&offset=4000&category=LEAD_GENERATION,2026-10-01T10:27:21Z,200,application/json,2957618,7cb963982881a89a8eb4a4f754e6782988a579aa03371cb0795eb5ac1aee251d,"W/""2d2132-nlPbNzJ8sKXv4zSZ3YS47yNVz10""",,changed,raw/apify.store.actors/2026/10/20261001T102721Z-7cb963982881.json.gz,,"projected:userPictureUrl,pictureUrl,url"
apify.store.actors,https://api.apify.com/v2/store?limit=1000&offset=5000&category=LEAD_GENERATION,2026-10-01T10:27:23Z,200,application/json,3024481,24bde6006aa52c4d28cf6313ca38f06f69e514fab850c08f9a44296ac8b286d7,"W/""2e2661-uoLiqd6ylgNsQXYammwnlT3+FlQ""",,changed,raw/apify.store.actors/2026/10/20261001T102723Z-24bde6006aa5.json.gz,,"projected:userPictureUrl,pictureUrl,url"
apify.store.actors,https://api.apify.com/v2/store?limit=1000&offset=6000&category=LEAD_GENERATION,2026-10-01T10:27:26Z,200,application/json,2861553,c31cd0339c0801ca0c8f0aa5bcebce3a2ffe4d127be1cc4ffe1d8ed71e80eaf4,"W/""2ba9f1-b1kM633IQ7khesGOuyz8+78Y5lI""",,changed,raw/apify.store.actors/2026/10/20261001T102726Z-c31cd0339c08.json.gz,,"projected:userPictureUrl,pictureUrl,url"
apify.store.actors,https://api.apify.com/v2/store?limit=1000&offset=7000&category=LEAD_GENERATION,2026-10-01T10:27:28Z,200,application/json,2864331,bdad6d21789ef93ad910ed600f695834bd8646a580bad8274724c38be8bfe98b,"W/""2bb4cb-aHp+AWkomdEfv7DQSsb15PnL+YE""",,changed,raw/apify.store.actors/2026/10/20261001T102728Z-bdad6d21789e.json.gz,,"projected:userPictureUrl,pictureUrl,url"
apify.store.actors,https://api.apify.com/v2/store?limit=1000&offset=8000&category=LEAD_GENERATION,2026-10-01T10:27:31Z,200,application/json,3052943,7349ec6cc8731c044521b4b86b6d8aba16a4c243e319d9cd127f9fe4ff11346f,"W/""2e958f-YfFpnNs1HXSxFqFUm3yn/Os8me8""",,changed,raw/apify.store.actors/2026/10/20261001T102731Z-7349ec6cc873.json.gz,,"projected:userPictureUrl,pictureUrl,url"
apify.store.actors,https://api.apify.com/v2/store?limit=1000&offset=9000&category=LEAD_GENERATION,2026-10-01T10:27:34Z,200,application/json,3254200,561104a189b1789b37b6f8fcae47e9be2618304c347346116ff8cff0336a5b76,"W/""31a7b8-H/XcjQJnf1FPKa6vI3RP4haBpAs""",,changed,raw/apify.store.actors/2026/10/20261001T102734Z-561104a189b1.json.gz,,"projected:userPictureUrl,pictureUrl,url"
apify.store.actors,https://api.apify.com/v2/store?limit=1000&offset=10000&category=LEAD_GENERATION,2026-10-01T10:27:36Z,200,application/json,3188590,a223fe3b180f489fe17128ca54f362eb545895571c4881134eb4890e1eb4ac98,"W/""30a76e-lfTeB5R2003t2elfg4Zjes3ele0""",,changed,raw/apify.store.actors/2026/10/20261001T102736Z-a223fe3b180f.json.gz,,"projected:userPictureUrl,pictureUrl,url"
apify.store.actors,https://api.apify.com/v2/store?limit=1000&offset=11000&category=LEAD_GENERATION,2026-10-01T10:27:38Z,200,application/json,3249722,aec1f435e485a491e1b943e3aa09e6692429648b9b2570b289744430e9a98634,"W/""31963a-We9A0i29uzU1QxqBBmeYlqO6A3s""",,changed,raw/apify.store.actors/2026/10/20261001T102738Z-aec1f435e485.json.gz,,"projected:userPictureUrl,pictureUrl,url"
apify.store.actors,https://api.apify.com/v2/store?limit=1000&offset=12000&category=LEAD_GENERATION,2026-10-01T10:27:41Z,200,application/json,3097276,70b7e7553f3b45925d9f4334db5e9966ef2573fb51cfc99418feeb8c1d9c0169,"W/""2f42bc-taqAkZdMeBVUKPlFbwYn1mTUDFw""",,changed,raw/apify.store.actors/2026/10/20261001T102741Z-70b7e7553f3b.json.gz,,"projected:userPictureUrl,pictureUrl,url"
apify.store.actors,https://api.apify.com/v2/store?limit=1000&offset=13000&category=LEAD_GENERATION,2026-10-01T10:27:44Z,200,application/json,2874597,6b67a0f6db66f9d535fa5f596c14dd786fcd5c5afb9a10d013e67852797a68ea,"W/""2bdce5-Ey4jCRqAAcsC701OUrWhc1mWI1g""",,changed,raw/apify.store.actors/2026/10/20261001T102744Z-6b67a0f6db66.json.gz,,"projected:userPictureUrl,pictureUrl,url"
apify.store.actors,https://api.apify.com/v2/store?limit=1000&offset=14000&category=LEAD_GENERATION,2026-10-01T10:27:46Z,200,application/json,2857788,6b6d003af0abf93364e10129dd882f960d02cfa91a7d9cf4a709bf0ce55f6e60,"W/""2b9b3c-jTCtqKuMGo3AlmbNeQqNA/zTvjg""",,changed,raw/apify.store.actors/2026/10/20261001T102746Z-6b6d003af0ab.json.gz,,"projected:userPictureUrl,pictureUrl,url"
apify.store.actors,https://api.apify.com/v2/store?limit=1000&offset=15000&category=LEAD_GENERATION,2026-10-01T10:27:49Z,200,application/json,2815481,384dc189f95fb884eddba8b456780a761d3fe55f6c66ec97bda9deacb5ec9c06,"W/""2af5f9-ImsJHHmzyTrtHfMUIFs0NMGzECg""",,changed,raw/apify.store.actors/2026/10/20261001T102749Z-384dc189f95f.json.gz,,"projected:userPictureUrl,pictureUrl,url"
apify.store.actors,https://api.apify.com/v2/store?limit=1000&offset=0&category=DEVELOPER_TOOLS,2026-10-01T10:27:51Z,200,application/json,3717957,426d13cae7f84c6f803fcdd438de0be47729404f46bc4842d9980ced034eb9fb,"W/""38bb45-LNZbWXkVaHXCkliX+lxYQnL3Hiw""",,changed,raw/apify.store.actors/2026/10/20261001T102751Z-426d13cae7f8.json.gz,,"projected:userPictureUrl,pictureUrl,url"
apify.store.actors,https://api.apify.com/v2/store?limit=1000&offset=1000&category=DEVELOPER_TOOLS,2026-10-01T10:27:54Z,200,application/json,3539980,2b41f68bae094cfd451341dc50616b0d0b68c6747e6399ce048f1bbf6610e8c3,"W/""36040c-jh7XQebK0OlHypH0FZFrj/ZLGRs""",,changed,raw/apify.store.actors/2026/10/20261001T102754Z-2b41f68bae09.json.gz,,"projected:userPictureUrl,pictureUrl,url"
apify.store.actors,https://api.apify.com/v2/store?limit=1000&offset=2000&category=DEVELOPER_TOOLS,2026-10-01T10:27:56Z,200,application/json,2851941,579e41e1760eb172bc3509c7cf15d7e91f23fe62826d1940152a5366f8cdfcab,"W/""2b8465-Ir3fv9uiWzrJh6GHaPbsWM3XxzE""",,changed,raw/apify.store.actors/2026/10/20261001T102756Z-579e41e1760e.json.gz,,"projected:userPictureUrl,pictureUrl,url"
apify.store.actors,https://api.apify.com/v2/store?limit=1000&offset=3000&category=DEVELOPER_TOOLS,2026-10-01T10:27:59Z,200,application/json,2859414,9c5cac50e10e1ff1075a27a136b55963e13fa9efc0528e49df067a039f958774,"W/""2ba196-G4Gx/hpNQLB48wljBIrU5foO+V0""",,changed,raw/apify.store.actors/2026/10/20261001T102759Z-9c5cac50e10e.json.gz,,"projected:userPictureUrl,pictureUrl,url"
apify.store.actors,https://api.apify.com/v2/store?limit=1000&offset=4000&category=DEVELOPER_TOOLS,2026-10-01T10:28:01Z,200,application/json,2992642,5c123756d873bdc1f5a545c52af4df09001ffd5d0dab850a4c28b72b46e64e16,"W/""2daa02-5TkBjzZTKoxtlI8zifZYAm0PMWY""",,changed,raw/apify.store.actors/2026/10/20261001T102801Z-5c123756d873.json.gz,,"projected:userPictureUrl,pictureUrl,url"
apify.store.actors,https://api.apify.com/v2/store?limit=1000&offset=5000&category=DEVELOPER_TOOLS,2026-10-01T10:28:04Z,200,application/json,3298345,ac1d455cc828cea156a0066b089502f876a56c9cc624ceaedd966a3596e9cdd8,"W/""325429-eP8D6t5nnjLAGh1CB7faDKZ02jM""",,changed,raw/apify.store.actors/2026/10/20261001T102804Z-ac1d455cc828.json.gz,,"projected:userPictureUrl,pictureUrl,url"
apify.store.actors,https://api.apify.com/v2/store?limit=1000&offset=6000&category=DEVELOPER_TOOLS,2026-10-01T10:28:06Z,200,application/json,2988954,0e88393317e2b046cb41aed3a2ce55b2b3d3acbc0bd2a3a827c914465ee64197,"W/""2d9b9a-BuE2SCK7dxiw6z/t/kabThE6HKc""",,changed,raw/apify.store.actors/2026/10/20261001T102806Z-0e88393317e2.json.gz,,"projected:userPictureUrl,pictureUrl,url"
apify.store.actors,https://api.apify.com/v2/store?limit=1000&offset=7000&category=DEVELOPER_TOOLS,2026-10-01T10:28:09Z,200,application/json,2969790,5f11231898c8c44e64b457c896ba50a89d1a0a4de21c9a31b5bf05f78f504325,"W/""2d50be-yDF9AqLLswlnzROUq9Nwpz7M9s0""",,changed,raw/apify.store.actors/2026/10/20261001T102809Z-5f11231898c8.json.gz,,"projected:userPictureUrl,pictureUrl,url"
apify.store.actors,https://api.apify.com/v2/store?limit=1000&offset=8000&category=DEVELOPER_TOOLS,2026-10-01T10:28:11Z,200,application/json,2954856,4183b1e63dc9dbc5aa6964e82e6465a43a948eb944ac5bca2ec1355141d3066b,"W/""2d1668-9dkGstEgVVLyF3Nj066MTZutOVM""",,changed,raw/apify.store.actors/2026/10/20261001T102811Z-4183b1e63dc9.json.gz,,"projected:userPictureUrl,pictureUrl,url"
apify.store.actors,https://api.apify.com/v2/store?limit=1000&offset=9000&category=DEVELOPER_TOOLS,2026-10-01T10:28:14Z,200,application/json,2854400,a6e1fd79b918d93b35f2abe1e164cbfbe0921d737b86aaaf4b2d91d1cdfb5a2b,"W/""2b8e00-Kge+JuTyglxhq1RZWo79oYc3CqM""",,changed,raw/apify.store.actors/2026/10/20261001T102814Z-a6e1fd79b918.json.gz,,"projected:userPictureUrl,pictureUrl,url"
apify.store.actors,https://api.apify.com/v2/store?limit=1000&offset=10000&category=DEVELOPER_TOOLS,2026-10-01T10:28:16Z,200,application/json,2589800,98e9bc22a211ff5bc1d49d19940243e87889f420d95ceb561d9d3e994395f540,"W/""278468-sEB/NFtQWT51SkbNjV04m9KK6AA""",,changed,raw/apify.store.actors/2026/10/20261001T102816Z-98e9bc22a211.json.gz,,"projected:userPictureUrl,pictureUrl,url"
apify.store.actors,https://api.apify.com/v2/store?limit=1000&offset=11000&category=DEVELOPER_TOOLS,2026-10-01T10:28:19Z,200,application/json,2609221,a7f625462543ac9028c22075153abce2535939a0b1b9b2a3fe327c7039d56b6f,"W/""27d045-5aOKu6pIp+y2pUyKX9aeMGnRZ4o""",,changed,raw/apify.store.actors/2026/10/20261001T102819Z-a7f625462543.json.gz,,"projected:userPictureUrl,pictureUrl,url"
apify.store.actors,https://api.apify.com/v2/store?limit=1000&offset=12000&category=DEVELOPER_TOOLS,2026-10-01T10:28:21Z,200,application/json,2896106,a81d7864ead16d83dd50e5cc49452328081aa40ec7cf7890939109d551b66a6e,"W/""2c30ea-o/Mujq4ihBF/1JO54QVp51MML5k""",,changed,raw/apify.store.actors/2026/10/20261001T102821Z-a81d7864ead1.json.gz,,"projected:userPictureUrl,pictureUrl,url"
apify.store.actors,https://api.apify.com/v2/store?limit=1000&offset=13000&category=DEVELOPER_TOOLS,2026-10-01T10:28:24Z,200,application/json,2878971,0b0ae9ada2ea8d47d2851957684ae373ff1fcf43c822efb6acf1394d42eb943a,"W/""2bedfb-4qyhWK84SMD9MOB3Vh0Xwf3dTlg""",,changed,raw/apify.store.actors/2026/10/20261001T102824Z-0b0ae9ada2ea.json.gz,,"projected:userPictureUrl,pictureUrl,url"
apify.store.actors,https://api.apify.com/v2/store?limit=1000&offset=14000&category=DEVELOPER_TOOLS,2026-10-01T10:28:26Z,200,application/json,2649345,a6a14a4b7c6fe3ace985789a73c73914cc72bf91faa6d9ba6fc277c09610bfcc,"W/""286d01-nCmpDHoSPf/ZrvPtvdj2y8OD4sQ""",,changed,raw/apify.store.actors/2026/10/20261001T102826Z-a6a14a4b7c6f.json.gz,,"projected:userPictureUrl,pictureUrl,url"
apify.store.actors,https://api.apify.com/v2/store?limit=1000&offset=15000&category=DEVELOPER_TOOLS,2026-10-01T10:28:29Z,200,application/json,2934185,5b60882843319487b28b5f046e2d3448ab14a36e7ac5bd670fe4ee48f42e0a0e,"W/""2cc5a9-gfwlszCz/ARugYHyOwgTvFwUJ/Y""",,changed,raw/apify.store.actors/2026/10/20261001T102829Z-5b6088284331.json.gz,,"projected:userPictureUrl,pictureUrl,url"
apify.store.actors,https://api.apify.com/v2/store?limit=1000&offset=0&category=SOCIAL_MEDIA,2026-10-01T10:28:31Z,200,application/json,3918443,603b99f6b06a8da61be2e969eaa9ff3227075b03855dc8df269ab447f303a60b,"W/""3bca6b-CYz680l0qzi8309jGxhLWB8OpnU""",,changed,raw/apify.store.actors/2026/10/20261001T102831Z-603b99f6b06a.json.gz,,"projected:userPictureUrl,pictureUrl,url"
apify.store.actors,https://api.apify.com/v2/store?limit=1000&offset=1000&category=SOCIAL_MEDIA,2026-10-01T10:28:34Z,200,application/json,3431218,dc9674c797bc069410e73d7893db8bd54ac2b2ba0a97765506229a89cc89c658,"W/""345b32-zsOvcPnCUrDsbUE7sDLQOizjXXs""",,changed,raw/apify.store.actors/2026/10/20261001T102834Z-dc9674c797bc.json.gz,,"projected:userPictureUrl,pictureUrl,url"
apify.store.actors,https://api.apify.com/v2/store?limit=1000&offset=2000&category=SOCIAL_MEDIA,2026-10-01T10:28:36Z,200,application/json,2879562,3bc04704afd3d11984883ff0bba95e597711d48ab547f9106245efc3e7135bc4,"W/""2bf04a-eanAVoYfj+V21VJ7+k1RqYTxL5E""",,changed,raw/apify.store.actors/2026/10/20261001T102836Z-3bc04704afd3.json.gz,,"projected:userPictureUrl,pictureUrl,url"
apify.store.actors,https://api.apify.com/v2/store?limit=1000&offset=3000&category=SOCIAL_MEDIA,2026-10-01T10:28:39Z,200,application/json,2845387,47ac9fcfe585b44f773cf1f35fcb6859b1da490780b0d3112eec25cf8a126bd9,"W/""2b6acb-2JoGblWkw0IHtRkOfgS+wjrjYz8""",,changed,raw/apify.store.actors/2026/10/20261001T102839Z-47ac9fcfe585.json.gz,,"projected:userPictureUrl,pictureUrl,url"
apify.store.actors,https://api.apify.com/v2/store?limit=1000&offset=4000&category=SOCIAL_MEDIA,2026-10-01T10:28:42Z,200,application/json,2940178,0c8f92549a59a387da90227c3c6adffff50c6f1f5271a13a1db7230348851bae,"W/""2cdd12-ZFc47+cad4Ysp9nbl14S5CjBkVw""",,changed,raw/apify.store.actors/2026/10/20261001T102842Z-0c8f92549a59.json.gz,,"projected:userPictureUrl,pictureUrl,url"
apify.store.actors,https://api.apify.com/v2/store?limit=1000&offset=5000&category=SOCIAL_MEDIA,2026-10-01T10:28:44Z,200,application/json,2968643,34184b61e7c19bfb3a9d7c3854b6e49b0eb7186ce35c0bd53ae7763e91f604a9,"W/""2d4c43-CrNRzbV5m7DrRq5xT8oppdzDq4w""",,changed,raw/apify.store.actors/2026/10/20261001T102844Z-34184b61e7c1.json.gz,,"projected:userPictureUrl,pictureUrl,url"
apify.store.actors,https://api.apify.com/v2/store?limit=1000&offset=6000&category=SOCIAL_MEDIA,2026-10-01T10:28:47Z,200,application/json,2984319,197e0c697a750446cbc1b47dceb8422838178d12ca885ea65870a50b29e2b1b3,"W/""2d897f-DU3oEftyHdmPk5zuyg13oCRHiiY""",,changed,raw/apify.store.actors/2026/10/20261001T102847Z-197e0c697a75.json.gz,,"projected:userPictureUrl,pictureUrl,url"
apify.store.actors,https://api.apify.com/v2/store?limit=1000&offset=7000&category=SOCIAL_MEDIA,2026-10-01T10:28:50Z,200,application/json,3146223,6e226899cfe0de72113ce257f19054e257f0cfe8b6fbd8eef285f7094ca4eb55,"W/""3001ef-4dPHRPAMb77VBhJO7CHxwtLRw28""",,changed,raw/apify.store.actors/2026/10/20261001T102850Z-6e226899cfe0.json.gz,,"projected:userPictureUrl,pictureUrl,url"
apify.store.actors,https://api.apify.com/v2/store?limit=1000&offset=8000&category=SOCIAL_MEDIA,2026-10-01T10:28:52Z,200,application/json,2580194,6256389d7bbe71b2e71855a7f9dfb581753e72c1c83b641ccd26ae6159c21122,"W/""275ee2-aiCBhSEL4REhkuJFNsjuMPy9+t4""",,changed,raw/apify.store.actors/2026/10/20261001T102852Z-6256389d7bbe.json.gz,,"projected:userPictureUrl,pictureUrl,url"
apify.store.actors,https://api.apify.com/v2/store?limit=1000&offset=9000&category=SOCIAL_MEDIA,2026-10-01T10:28:55Z,200,application/json,3339936,7ca18ce1aa54f838cc6fa142cf7fe8626e6768ccf53afeaf9ac8842bf7c1864b,"W/""32f6a0-IoOjPNlw3H519Hjt1RrG9dQ2ujM""",,changed,raw/apify.store.actors/2026/10/20261001T102855Z-7ca18ce1aa54.json.gz,,"projected:userPictureUrl,pictureUrl,url"
apify.store.actors,https://api.apify.com/v2/store?limit=1000&offset=10000&category=SOCIAL_MEDIA,2026-10-01T10:28:57Z,200,application/json,2729137,3dd5fb27a5cd69cc2352749a4ca3e1a0f3a6c2e6f52bbad2a6159457c2726410,"W/""29a4b1-2DuVQzQd1S1Foo1oqtQ0TiPTDPQ""",,changed,raw/apify.store.actors/2026/10/20261001T102857Z-3dd5fb27a5cd.json.gz,,"projected:userPictureUrl,pictureUrl,url"
apify.store.actors,https://api.apify.com/v2/store?limit=1000&offset=0&category=ECOMMERCE,2026-10-01T10:29:00Z,200,application/json,3617050,a666a2365c5ba2cd440d3be5c5169153b0150e99515dd0f04391314e23dfc899,"W/""37311a-Pxggo2F6WFRWz4aAyFToUOaDhXg""",,changed,raw/apify.store.actors/2026/10/20261001T102900Z-a666a2365c5b.json.gz,,"projected:userPictureUrl,pictureUrl,url"
apify.store.actors,https://api.apify.com/v2/store?limit=1000&offset=1000&category=ECOMMERCE,2026-10-01T10:29:03Z,200,application/json,2853936,c2b9c9b830996fa2cef7486bf877d543116a43b7d6947992222363051c71620a,"W/""2b8c30-Mc8wHPpTNrvaE7d5s3YueWzyvMM""",,changed,raw/apify.store.actors/2026/10/20261001T102903Z-c2b9c9b83099.json.gz,,"projected:userPictureUrl,pictureUrl,url"
apify.store.actors,https://api.apify.com/v2/store?limit=1000&offset=2000&category=ECOMMERCE,2026-10-01T10:29:05Z,200,application/json,3243316,0873f1dfe4cf47d219fc92a1bb7822dee23681c3644e21a86c3f091652ca8751,"W/""317d34-6MvKYAhGTd8e/GrOhsL/mwxX3XQ""",,changed,raw/apify.store.actors/2026/10/20261001T102905Z-0873f1dfe4cf.json.gz,,"projected:userPictureUrl,pictureUrl,url"
apify.store.actors,https://api.apify.com/v2/store?limit=1000&offset=3000&category=ECOMMERCE,2026-10-01T10:29:08Z,200,application/json,2828107,339aa17cae949b4329e9f83668c1094161dd362d9d3e92242af4cd6c3441ef34,"W/""2b274b-/IdrsrfAXccdRpNOGpKkCwNmnN8""",,changed,raw/apify.store.actors/2026/10/20261001T102908Z-339aa17cae94.json.gz,,"projected:userPictureUrl,pictureUrl,url"
apify.store.actors,https://api.apify.com/v2/store?limit=1000&offset=4000&category=ECOMMERCE,2026-10-01T10:29:10Z,200,application/json,2890036,5cd68e31410cd4394c02625b849a48385024f977605610f39f221c945cd89570,"W/""2c1934-jcI2wF0cuQIlYPqkAbtjLpi29oc""",,changed,raw/apify.store.actors/2026/10/20261001T102910Z-5cd68e31410c.json.gz,,"projected:userPictureUrl,pictureUrl,url"
apify.store.actors,https://api.apify.com/v2/store?limit=1000&offset=5000&category=ECOMMERCE,2026-10-01T10:29:14Z,200,application/json,2411008,6bac8f17ced6986e1cdf74918151de1eba9ceba389b55d6df0b39f2336057f8c,"W/""24ca00-SHbrJM8ytQvQ/khCCJGnnGa7F0w""",,changed,raw/apify.store.actors/2026/10/20261001T102914Z-6bac8f17ced6.json.gz,,"projected:userPictureUrl,pictureUrl,url"
apify.store.actors,https://api.apify.com/v2/store?limit=1000&offset=6000&category=ECOMMERCE,2026-10-01T10:29:15Z,200,application/json,2820592,7a861b8794dd7a1338606df45d93a201bf8efad1e7e2418703e6b2478fb5f422,"W/""2b09f0-5YouOahvR+UdjryDQYVyMAP15a0""",,changed,raw/apify.store.actors/2026/10/20261001T102915Z-7a861b8794dd.json.gz,,"projected:userPictureUrl,pictureUrl,url"
apify.store.actors,https://api.apify.com/v2/store?limit=1000&offset=7000&category=ECOMMERCE,2026-10-01T10:29:18Z,200,application/json,2972225,74a2d24867aa5669c6627019ccc50cbfb31b77386f1499a2e68451d2fe434274,"W/""2d5a41-f6duYs0vW7jnVf9AiPK59xhT4Po""",,changed,raw/apify.store.actors/2026/10/20261001T102918Z-74a2d24867aa.json.gz,,"projected:userPictureUrl,pictureUrl,url"
apify.store.actors,https://api.apify.com/v2/store?limit=1000&offset=8000&category=ECOMMERCE,2026-10-01T10:29:20Z,200,application/json,2756423,cc4edac9b785870e0e8bedbfae4b7574904b9019c37a12c74dc8797539c3abd5,"W/""2a0f47-ZTlwx1LgK7kF9NSgXkQFVGbIpio""",,changed,raw/apify.store.actors/2026/10/20261001T102920Z-cc4edac9b785.json.gz,,"projected:userPictureUrl,pictureUrl,url"
apify.store.actors,https://api.apify.com/v2/store?limit=1000&offset=9000&category=ECOMMERCE,2026-10-01T10:29:23Z,200,application/json,3000202,f86c391292cc973c8f4fb5a04387919d8b79785227f990c97e6352581a684115,"W/""2dc78a-31EhiggcxGL0iGQduk8hY/IuTmI""",,changed,raw/apify.store.actors/2026/10/20261001T102923Z-f86c391292cc.json.gz,,"projected:userPictureUrl,pictureUrl,url"
apify.store.actors,https://api.apify.com/v2/store?limit=1000&offset=10000&category=ECOMMERCE,2026-10-01T10:29:25Z,200,application/json,2885088,64c54e18fd3a26fb810989ea279e186f1122fa2171ea51ae37868be7812c9fd8,"W/""2c05e0-aT0WksBc28D6PJoOioUEmKrPE60""",,changed,raw/apify.store.actors/2026/10/20261001T102925Z-64c54e18fd3a.json.gz,,"projected:userPictureUrl,pictureUrl,url"
apify.store.actors,https://api.apify.com/v2/store?limit=1000&offset=11000&category=ECOMMERCE,2026-10-01T10:29:28Z,200,application/json,3137456,5f458ee76218564681813136e029c38b005b29d33d910904268b31af893ca822,"W/""2fdfb0-YcVw67t8YZK/VxfjOydsXwFtLS0""",,changed,raw/apify.store.actors/2026/10/20261001T102928Z-5f458ee76218.json.gz,,"projected:userPictureUrl,pictureUrl,url"
apify.store.actors,https://api.apify.com/v2/store?limit=1000&offset=12000&category=ECOMMERCE,2026-10-01T10:29:30Z,200,application/json,3043079,78c1cfc2f2f59895c2c65db9170a07a3f45bd2f52070fd1150c25b49dddbda44,"W/""2e6f07-4D7pcMIpqgBF34D8VG2z33ZmBwU""",,changed,raw/apify.store.actors/2026/10/20261001T102930Z-78c1cfc2f2f5.json.gz,,"projected:userPictureUrl,pictureUrl,url"
apify.store.actors,https://api.apify.com/v2/store?limit=1000&offset=13000&category=ECOMMERCE,2026-10-01T10:29:33Z,200,application/json,2929375,7aea764b3382a32c08ca9df504c1256a7d22307ac7593380c86c769b801f1180,"W/""2cb2df-qOxHoi0OnTjtr7SDw9DcUJdjTak""",,changed,raw/apify.store.actors/2026/10/20261001T102933Z-7aea764b3382.json.gz,,"projected:userPictureUrl,pictureUrl,url"
apify.store.actors,https://api.apify.com/v2/store?limit=1000&offset=0&category=OTHER,2026-10-01T10:29:36Z,200,application/json,3340700,f5dd7c94eb6a60bc25286eb3309d370d64dc8886bbbd5ad9a34838433c9ff52c,"W/""32f99c-D3eIHoKaUQUQirOmLRN6+hoQ9/A""",,changed,raw/apify.store.actors/2026/10/20261001T102936Z-f5dd7c94eb6a.json.gz,,"projected:userPictureUrl,pictureUrl,url"
apify.store.actors,https://api.apify.com/v2/store?limit=1000&offset=1000&category=OTHER,2026-10-01T10:29:38Z,200,application/json,2909631,743c534b32bc30e19c72ad24f64c465d89b0e3f43274c1cc1dd5d818fb411bd0,"W/""2c65bf-jweXB3M34cKOLc9PnVeu8cly+fg""",,changed,raw/apify.store.actors/2026/10/20261001T102938Z-743c534b32bc.json.gz,,"projected:userPictureUrl,pictureUrl,url"
apify.store.actors,https://api.apify.com/v2/store?limit=1000&offset=2000&category=OTHER,2026-10-01T10:29:41Z,200,application/json,2871230,8b8b17365c51b4bc0c55cc61c90f4c751b1bdd985acebdcad803c95e06a60934,"W/""2bcfbe-FG0QlLjrw5rACJm18INxcha/mKY""",,changed,raw/apify.store.actors/2026/10/20261001T102941Z-8b8b17365c51.json.gz,,"projected:userPictureUrl,pictureUrl,url"
apify.store.actors,https://api.apify.com/v2/store?limit=1000&offset=3000&category=OTHER,2026-10-01T10:29:43Z,200,application/json,2881155,35d0bb7f3226e3aa296241785645f1be8a7869ac3b2dafbf3a41aca86781d4f1,"W/""2bf683-5rNG8zhOtTor6msoH5A+sD9L1As""",,changed,raw/apify.store.actors/2026/10/20261001T102943Z-35d0bb7f3226.json.gz,,"projected:userPictureUrl,pictureUrl,url"
apify.store.actors,https://api.apify.com/v2/store?limit=1000&offset=4000&category=OTHER,2026-10-01T10:29:46Z,200,application/json,2934471,4be19d550ed070a2e537d78a928ee49888f8c6fc4e5d5eaa0a2ced0f817fb77b,"W/""2cc6c7-eBkgZrQhONnf/ivSguNVVHBXcko""",,changed,raw/apify.store.actors/2026/10/20261001T102946Z-4be19d550ed0.json.gz,,"projected:userPictureUrl,pictureUrl,url"
apify.store.actors,https://api.apify.com/v2/store?limit=1000&offset=5000&category=OTHER,2026-10-01T10:29:48Z,200,application/json,2965216,72727fddbfc6e3dc5e9679259d6d29dce2471ea14257cfc540fe25131910d55c,"W/""2d3ee0-Q22pC6F9NxBTgO9thMqscZNAAWc""",,changed,raw/apify.store.actors/2026/10/20261001T102948Z-72727fddbfc6.json.gz,,"projected:userPictureUrl,pictureUrl,url"
apify.store.actors,https://api.apify.com/v2/store?limit=1000&offset=6000&category=OTHER,2026-10-01T10:29:52Z,200,application/json,2854242,91beb1d979b24525151e8a71b7c8a662b6fdf3cbbb5fa192ac9cfc09f4d7510a,"W/""2b8d62-p97j3ymEo64w5vouaaUbM4UlXF0""",,changed,raw/apify.store.actors/2026/10/20261001T102952Z-91beb1d979b2.json.gz,,"projected:userPictureUrl,pictureUrl,url"
apify.store.actors,https://api.apify.com/v2/store?limit=1000&offset=7000&category=OTHER,2026-10-01T10:29:54Z,200,application/json,403540,a7d1e01a27e1448523671c8f3808f5097e95674afcc49b2419611c051c0a8cca,"W/""62854-Cpu7+bcmjIVcwaOqnnL9byTE42U""",,changed,raw/apify.store.actors/2026/10/20261001T102954Z-a7d1e01a27e1.json.gz,,"projected:userPictureUrl,pictureUrl,url"
apify.store.actors,https://api.apify.com/v2/store?limit=1000&offset=0&category=AI,2026-10-01T10:29:56Z,200,application/json,3493440,f9833ecb1673e47d10e6d58eba8185dcdbc0964bdefc1c3b5e5ea2024ab47c09,"W/""354e40-U1ysP+xU8jN1keX19f00xUtUKyM""",,changed,raw/apify.store.actors/2026/10/20261001T102956Z-f9833ecb1673.json.gz,,"projected:userPictureUrl,pictureUrl,url"
apify.store.actors,https://api.apify.com/v2/store?limit=1000&offset=1000&category=AI,2026-10-01T10:29:58Z,200,application/json,2755304,2c5ddaa5d95c6e39ea72ba5e9f59dd10c8454cb2c1aafc0a747b280aa2e793f6,"W/""2a0ae8-aLEfNmhsmWLvvNnJ23KEJIssDjY""",,changed,raw/apify.store.actors/2026/10/20261001T102958Z-2c5ddaa5d95c.json.gz,,"projected:userPictureUrl,pictureUrl,url"
apify.store.actors,https://api.apify.com/v2/store?limit=1000&offset=2000&category=AI,2026-10-01T10:30:01Z,200,application/json,2582404,8405e15e08f6540580e8dca53f29f25562bd85ca5a551f8f73324a2d919718be,"W/""276784-y/x/8REnkMkwMFAS789U+y/+cnI""",,changed,raw/apify.store.actors/2026/10/20261001T103001Z-8405e15e08f6.json.gz,,"projected:userPictureUrl,pictureUrl,url"
apify.store.actors,https://api.apify.com/v2/store?limit=1000&offset=3000&category=AI,2026-10-01T10:30:04Z,200,application/json,2514338,a98c39093a762362e61cc0182759b52579bdaee6cb269e07082cf7bd99e3c334,"W/""265da2-8o7X7X1aqm6GaCwrI3oh+c4iwRA""",,changed,raw/apify.store.actors/2026/10/20261001T103004Z-a98c39093a76.json.gz,,"projected:userPictureUrl,pictureUrl,url"
apify.store.actors,https://api.apify.com/v2/store?limit=1000&offset=4000&category=AI,2026-10-01T10:30:06Z,200,application/json,2400200,153105db663303b72e230037ece20eb7976af411473f2c161839ce606b22ce02,"W/""249fc8-MdIQnXe9pKE3T5Qfp9iqDvLXUEg""",,changed,raw/apify.store.actors/2026/10/20261001T103006Z-153105db6633.json.gz,,"projected:userPictureUrl,pictureUrl,url"
apify.store.actors,https://api.apify.com/v2/store?limit=1000&offset=5000&category=AI,2026-10-01T10:30:09Z,200,application/json,2392917,cf3db8a40faf396968cc5e0830b042d67d7a19fe5037dbf9032b225e466e7536,"W/""248355-AayIrJzBuqDciFAES0NFCD/93T0""",,changed,raw/apify.store.actors/2026/10/20261001T103009Z-cf3db8a40faf.json.gz,,"projected:userPictureUrl,pictureUrl,url"
apify.store.actors,https://api.apify.com/v2/store?limit=1000&offset=6000&category=AI,2026-10-01T10:30:11Z,200,application/json,2671213,e4da1e86a8f9c6f614de585bb540067b9a7d70a178f225621d0f961adb0d86ba,"W/""28c26d-QFdOsznzSP6PDee+SUdnDHsAV78""",,changed,raw/apify.store.actors/2026/10/20261001T103011Z-e4da1e86a8f9.json.gz,,"projected:userPictureUrl,pictureUrl,url"
apify.store.actors,https://api.apify.com/v2/store?limit=1000&offset=7000&category=AI,2026-10-01T10:30:14Z,200,application/json,2771292,255325bb80e5bae10127194f141d26527915533c7c117d4e195ca86b0dd6a87a,"W/""2a495c-4xP8swGSRhm3Lf+22JnetHVsPP8""",,changed,raw/apify.store.actors/2026/10/20261001T103014Z-255325bb80e5.json.gz,,"projected:userPictureUrl,pictureUrl,url"
apify.store.actors,https://api.apify.com/v2/store?limit=1000&offset=8000&category=AI,2026-10-01T10:30:17Z,200,application/json,2440106,e0972d0d4637c5d3e7a895eb0ab23df3dbb1e7016da60cca8dc8089a12c8c522,"W/""253baa-kR11V1wbKCJ9VR2hOWwSEiIzJMk""",,changed,raw/apify.store.actors/2026/10/20261001T103017Z-e0972d0d4637.json.gz,,"projected:userPictureUrl,pictureUrl,url"
apify.store.actors,https://api.apify.com/v2/store?limit=1000&offset=0&category=JOBS,2026-10-01T10:30:19Z,200,application/json,3301692,48cec5ec18e63f6f01c7990a5f593a2b83f64069f32927e358b338928d224d7d,"W/""32613c-nFcTpRexeu4/DfweKYVpn9UaWDo""",,changed,raw/apify.store.actors/2026/10/20261001T103019Z-48cec5ec18e6.json.gz,,"projected:userPictureUrl,pictureUrl,url"
apify.store.actors,https://api.apify.com/v2/store?limit=1000&offset=1000&category=JOBS,2026-10-01T10:30:22Z,200,application/json,3023622,f121f5f1d4c9d7398f296ccb4e3c6af0e605e3a370dcee7f34af527190c392be,"W/""2e2306-/KBKKmnxf72SlDUr5jHGoUW5XdY""",,changed,raw/apify.store.actors/2026/10/20261001T103022Z-f121f5f1d4c9.json.gz,,"projected:userPictureUrl,pictureUrl,url"
apify.store.actors,https://api.apify.com/v2/store?limit=1000&offset=2000&category=JOBS,2026-10-01T10:30:24Z,200,application/json,3023714,f32942d7e1ed189fff30d5964acdb5e7f95f0a3595dba5e2791b0e2e93de80cf,"W/""2e2362-HP7a0fX1rpmAyNHidWescR35phM""",,changed,raw/apify.store.actors/2026/10/20261001T103024Z-f32942d7e1ed.json.gz,,"projected:userPictureUrl,pictureUrl,url"
apify.store.actors,https://api.apify.com/v2/store?limit=1000&offset=3000&category=JOBS,2026-10-01T10:30:27Z,200,application/json,2729336,1e7095c3da3ed47234376ac3d3ee36b32da46cacfca8c605aebe9a5aaa11f64d,"W/""29a578-dcRy/x+DKqv0hbEc6L/q9oYNTIE""",,changed,raw/apify.store.actors/2026/10/20261001T103027Z-1e7095c3da3e.json.gz,,"projected:userPictureUrl,pictureUrl,url"
apify.store.actors,https://api.apify.com/v2/store?limit=1000&offset=4000&category=JOBS,2026-10-01T10:30:29Z,200,application/json,2988270,9ea2bc4c139908b66ceeb6fad07767a23306a7e2849d0bf1df781580a84b1a8a,"W/""2d98ee-zNDNQBU8ipqS2m6zYGxTJpiike8""",,changed,raw/apify.store.actors/2026/10/20261001T103029Z-9ea2bc4c1399.json.gz,,"projected:userPictureUrl,pictureUrl,url"
apify.store.actors,https://api.apify.com/v2/store?limit=1000&offset=5000&category=JOBS,2026-10-01T10:30:32Z,200,application/json,3201315,bc5d14c5c95f27d356940b50c1fe5b12819b1bf2bc81c9a32e6f545af2b791ec,"W/""30d923-z2tGvgK1DoPihSag2kQn9wJHl/8""",,changed,raw/apify.store.actors/2026/10/20261001T103032Z-bc5d14c5c95f.json.gz,,"projected:userPictureUrl,pictureUrl,url"
apify.store.actors,https://api.apify.com/v2/store?limit=1000&offset=6000&category=JOBS,2026-10-01T10:30:35Z,200,application/json,2130386,40191811a6c8c3a68f139fe7b5865bd2807b94955d4391eaf47890f66d92104b,"W/""2081d2-/epj/KYA7RQq1BjdMXTG9+N47n4""",,changed,raw/apify.store.actors/2026/10/20261001T103035Z-40191811a6c8.json.gz,,"projected:userPictureUrl,pictureUrl,url"
apify.store.actors,https://api.apify.com/v2/store?limit=1000&offset=0&category=REAL_ESTATE,2026-10-01T10:30:37Z,200,application/json,3683928,5583ee236ce4252d4fb98e84bfec04b00960240275da7544002abb5eb1875d2b,"W/""383658-t+HYJcyZzdTsvM46Ql7jmG8G/qs""",,changed,raw/apify.store.actors/2026/10/20261001T103037Z-5583ee236ce4.json.gz,,"projected:userPictureUrl,pictureUrl,url"
apify.store.actors,https://api.apify.com/v2/store?limit=1000&offset=1000&category=REAL_ESTATE,2026-10-01T10:30:39Z,200,application/json,3356496,939c750c43ef2f1c041ef4197209e9cc5e058cbfe052b7988ddef1621372c850,"W/""333750-7L3QLUlIh8BdhDMrQD1oLd1wTvk""",,changed,raw/apify.store.actors/2026/10/20261001T103039Z-939c750c43ef.json.gz,,"projected:userPictureUrl,pictureUrl,url"
apify.store.actors,https://api.apify.com/v2/store?limit=1000&offset=2000&category=REAL_ESTATE,2026-10-01T10:30:42Z,200,application/json,3277569,e0a30900225d7ed8737bec659a3a3492af2bcd91a0f4a42a4031e5058e402405,"W/""320301-QLrByWfDcSSeqazcFfAnLXvhn5Y""",,changed,raw/apify.store.actors/2026/10/20261001T103042Z-e0a30900225d.json.gz,,"projected:userPictureUrl,pictureUrl,url"
apify.store.actors,https://api.apify.com/v2/store?limit=1000&offset=3000&category=REAL_ESTATE,2026-10-01T10:30:45Z,200,application/json,3072436,efbd3497bacd0c9213218d2e3881e700b785e4b6c8392197b4c78391761c187b,"W/""2ee1b4-+Ev1sev1elvFoBecuMPwcBErLvA""",,changed,raw/apify.store.actors/2026/10/20261001T103045Z-efbd3497bacd.json.gz,,"projected:userPictureUrl,pictureUrl,url"
apify.store.actors,https://api.apify.com/v2/store?limit=1000&offset=4000&category=REAL_ESTATE,2026-10-01T10:30:47Z,200,application/json,3392442,8b31af84e1f4b7260a4c82e36ef39bee13c701ba4c4bddf1f81da7be2edfda3c,"W/""33c3ba-hXj7Z8hUlJ1x8vmKvwpvGZS1Aio""",,changed,raw/apify.store.actors/2026/10/20261001T103047Z-8b31af84e1f4.json.gz,,"projected:userPictureUrl,pictureUrl,url"
apify.store.actors,https://api.apify.com/v2/store?limit=1000&offset=0&category=BUSINESS,2026-10-01T10:30:50Z,200,application/json,3742074,ecddc5257e5b7a6f35f4eb49a5f59162e7278317864515e6e3767db45c0584e8,"W/""39197a-ie68DiE2Ydgbf0KrHw10jsoBzGs""",,changed,raw/apify.store.actors/2026/10/20261001T103050Z-ecddc5257e5b.json.gz,,"projected:userPictureUrl,pictureUrl,url"
apify.store.actors,https://api.apify.com/v2/store?limit=1000&offset=1000&category=BUSINESS,2026-10-01T10:30:53Z,200,application/json,3429201,e7f4c44bad3b1200e086bcc85c049593fef2436f2a6433f1e984fc8a6e9ae24a,"W/""345351-sL7kE4RXwR/XlGRmfMChYf+Kp1I""",,changed,raw/apify.store.actors/2026/10/20261001T103053Z-e7f4c44bad3b.json.gz,,"projected:userPictureUrl,pictureUrl,url"
apify.store.actors,https://api.apify.com/v2/store?limit=1000&offset=2000&category=BUSINESS,2026-10-01T10:30:55Z,200,application/json,2976545,29ebd192a530cd2c92b6c838c5215e1b58b9288415bdf2cd2acc8ca780332c4b,"W/""2d6b21-eKO0RlHIXS4dGYa1HYDcxkpXg2Y""",,changed,raw/apify.store.actors/2026/10/20261001T103055Z-29ebd192a530.json.gz,,"projected:userPictureUrl,pictureUrl,url"
apify.store.actors,https://api.apify.com/v2/store?limit=1000&offset=3000&category=BUSINESS,2026-10-01T10:30:58Z,200,application/json,3323283,eaeb70ead109e4a72ff9b4c0e98229ae30ed3f6c6b444944b2d04b715bab1a52,"W/""32b593-stiwCHrW7SQNTor30hfofhuKua0""",,changed,raw/apify.store.actors/2026/10/20261001T103058Z-eaeb70ead109.json.gz,,"projected:userPictureUrl,pictureUrl,url"
apify.store.actors,https://api.apify.com/v2/store?limit=1000&offset=4000&category=BUSINESS,2026-10-01T10:31:00Z,200,application/json,2706458,071651e70a7db7b06c35d3a3b6c2fe926d8133b8f1ee500030f7de5d54931f7c,"W/""294c1a-uc+eS9xKCKAL6aVheci8VUAdEMk""",,changed,raw/apify.store.actors/2026/10/20261001T103100Z-071651e70a7d.json.gz,,"projected:userPictureUrl,pictureUrl,url"
apify.store.actors,https://api.apify.com/v2/store?limit=1000&offset=5000&category=BUSINESS,2026-10-01T10:31:03Z,200,application/json,2888516,ad1a07009299225dacece3d86e9c2c7effe44d8c1c98119f126d41d861341ad9,"W/""2c1344-xCwrTlIKI1WNRt8zTd92Grm6SE0""",,changed,raw/apify.store.actors/2026/10/20261001T103103Z-ad1a07009299.json.gz,,"projected:userPictureUrl,pictureUrl,url"
apify.store.actors,https://api.apify.com/v2/store?limit=1000&offset=6000&category=BUSINESS,2026-10-01T10:31:05Z,200,application/json,3090788,3b04e8ea88b9da93f17f981a21b3f3b9a31a2f20c260976a4a0f420c5f464909,"W/""2f2964-B+KFphUAAZ8VnYOYFBa/hzlHA88""",,changed,raw/apify.store.actors/2026/10/20261001T103105Z-3b04e8ea88b9.json.gz,,"projected:userPictureUrl,pictureUrl,url"
apify.store.actors,https://api.apify.com/v2/store?limit=1000&offset=7000&category=BUSINESS,2026-10-01T10:31:08Z,200,application/json,3263384,5f57114df2c1cf03bc8eb5f6189f9571e7e2f438f28d12ea267ae2dfd5310506,"W/""31cb98-WsktQ2jAjRHDQbuRd3VXfcEIeJ8""",,changed,raw/apify.store.actors/2026/10/20261001T103108Z-5f57114df2c1.json.gz,,"projected:userPictureUrl,pictureUrl,url"
apify.store.actors,https://api.apify.com/v2/store?limit=1000&offset=0&category=SEO_TOOLS,2026-10-01T10:31:11Z,200,application/json,3264609,bd826636b49acfdd21907f9c67ef02ea4222856d2ebe99cba3b5f944cbc6be1c,"W/""31d061-4vI5JUKBcr6i+V/6GuvW1P8EBf8""",,changed,raw/apify.store.actors/2026/10/20261001T103111Z-bd826636b49a.json.gz,,"projected:userPictureUrl,pictureUrl,url"
apify.store.actors,https://api.apify.com/v2/store?limit=1000&offset=1000&category=SEO_TOOLS,2026-10-01T10:31:13Z,200,application/json,2934830,a99b029cdffe9054ac2ee51bb1b418975112563be2ee274c7c3ee1660825bb02,"W/""2cc82e-Fp3XFp7hwkwr3z+guj5yintrRqk""",,changed,raw/apify.store.actors/2026/10/20261001T103113Z-a99b029cdffe.json.gz,,"projected:userPictureUrl,pictureUrl,url"
apify.store.actors,https://api.apify.com/v2/store?limit=1000&offset=2000&category=SEO_TOOLS,2026-10-01T10:31:15Z,200,application/json,2448271,bf5ec0ae4c1f52b3add89157e4376b648829787989810250439b760d05faf0e7,"W/""255b8f-b1GuUGBLsGXTUdLDihhJz/ZCCHE""",,changed,raw/apify.store.actors/2026/10/20261001T103115Z-bf5ec0ae4c1f.json.gz,,"projected:userPictureUrl,pictureUrl,url"
apify.store.actors,https://api.apify.com/v2/store?limit=1000&offset=3000&category=SEO_TOOLS,2026-10-01T10:31:18Z,200,application/json,2860871,dee681394df3a88b59b09553bccb62718ed501e6341aaeb6c65aac9df9e51447,"W/""2ba747-lNuNJoEnahs1kBoqpNJW8HR8U9o""",,changed,raw/apify.store.actors/2026/10/20261001T103118Z-dee681394df3.json.gz,,"projected:userPictureUrl,pictureUrl,url"
apify.store.actors,https://api.apify.com/v2/store?limit=1000&offset=4000&category=SEO_TOOLS,2026-10-01T10:31:21Z,200,application/json,1621275,4e0cf8f67c6569afe71ff60e695764d72aa71dfca38e1d09226351705f38c1cd,"W/""18bd1b-c2IAjUqzxcvDgE/LeZXF4tuDaq0""",,changed,raw/apify.store.actors/2026/10/20261001T103121Z-4e0cf8f67c65.json.gz,,"projected:userPictureUrl,pictureUrl,url"
apify.store.actors,https://api.apify.com/v2/store?limit=1000&offset=0&category=VIDEOS,2026-10-01T10:31:23Z,200,application/json,3120627,1c1995b6a8115c85ef947a87577ad6ee33e55d5826c26d2575ed8b3dbde3c2db,"W/""2f9df3-gUNjm96SCyj+LKnNpOLFb0ED6ag""",,changed,raw/apify.store.actors/2026/10/20261001T103123Z-1c1995b6a811.json.gz,,"projected:userPictureUrl,pictureUrl,url"
apify.store.actors,https://api.apify.com/v2/store?limit=1000&offset=1000&category=VIDEOS,2026-10-01T10:31:26Z,200,application/json,2854407,ea6340004ed8a3224c1aae8cee68019b0985647f4e06efb50c1232086638a618,"W/""2b8e07-jWPob94TdpeYurPOwzs/CdW7Rk4""",,changed,raw/apify.store.actors/2026/10/20261001T103126Z-ea6340004ed8.json.gz,,"projected:userPictureUrl,pictureUrl,url"
apify.store.actors,https://api.apify.com/v2/store?limit=1000&offset=2000&category=VIDEOS,2026-10-01T10:31:28Z,200,application/json,2739892,3f9d2e1c19c84ec438df7431f9652d81405eab0ab4a569a8a08bd1ae1bc8c5a9,"W/""29ceb4-tIQUS7Bu1pzckGJgFZLijxX9xDo""",,changed,raw/apify.store.actors/2026/10/20261001T103128Z-3f9d2e1c19c8.json.gz,,"projected:userPictureUrl,pictureUrl,url"
apify.store.actors,https://api.apify.com/v2/store?limit=1000&offset=3000&category=VIDEOS,2026-10-01T10:31:31Z,200,application/json,1462071,42128d90cb9d44458e51f55e23a802c327871f169cfd47e190c5e58c22cb2b78,"W/""164f37-XwI8lw1NqEkhh6fmU534i8POsd8""",,changed,raw/apify.store.actors/2026/10/20261001T103131Z-42128d90cb9d.json.gz,,"projected:userPictureUrl,pictureUrl,url"
apify.store.actors,https://api.apify.com/v2/store?limit=1000&offset=0&category=AGENTS,2026-10-01T10:31:33Z,200,application/json,3319759,6663181e981a7dccaea2a22965d0bd26c20b03acf10ff377fd1485a3c7fd08bd,"W/""32a7cf-lf2NKYyuEd+07RUvqE+aCfjk2KI""",,changed,raw/apify.store.actors/2026/10/20261001T103133Z-6663181e981a.json.gz,,"projected:userPictureUrl,pictureUrl,url"
apify.store.actors,https://api.apify.com/v2/store?limit=1000&offset=1000&category=AGENTS,2026-10-01T10:31:35Z,200,application/json,2889644,937acea827e88b84f62baa1d86a867d1ecb4209c23a4b6a793131672583de07a,"W/""2c17ac-ago7IL5ROKSUDMs/87wlUjCCmVo""",,changed,raw/apify.store.actors/2026/10/20261001T103135Z-937acea827e8.json.gz,,"projected:userPictureUrl,pictureUrl,url"
apify.store.actors,https://api.apify.com/v2/store?limit=1000&offset=2000&category=AGENTS,2026-10-01T10:31:38Z,200,application/json,2623616,39fa217966b09cf1424f035e2a471bfe2774d88dbac8cc76935581c32dd3c5e5,"W/""280880-nWjsmW1LyWigjKNcTmHzI04d8LI""",,changed,raw/apify.store.actors/2026/10/20261001T103138Z-39fa217966b0.json.gz,,"projected:userPictureUrl,pictureUrl,url"
apify.store.actors,https://api.apify.com/v2/store?limit=1000&offset=3000&category=AGENTS,2026-10-01T10:31:40Z,200,application/json,2168891,7f70920d302395d90062cfffab68ade5f2362b50b7ef695fc77f7a0843746226,"W/""21183b-+/qruojuoK4MPoZ5B0Nwy8WVIY8""",,changed,raw/apify.store.actors/2026/10/20261001T103140Z-7f70920d3023.json.gz,,"projected:userPictureUrl,pictureUrl,url"
apify.store.actors,https://api.apify.com/v2/store?limit=1000&offset=0&category=INTEGRATIONS,2026-10-01T10:31:43Z,200,application/json,3078036,370d214ffb6032117212d44c53814cfb2f2e713f13a5094623e55c584b043c07,"W/""2ef794-SXh66szLM0qAOcx2OGspWH44xWI""",,changed,raw/apify.store.actors/2026/10/20261001T103143Z-370d214ffb60.json.gz,,"projected:userPictureUrl,pictureUrl,url"
apify.store.actors,https://api.apify.com/v2/store?limit=1000&offset=1000&category=INTEGRATIONS,2026-10-01T10:31:45Z,200,application/json,3067413,e01571eacd8cd2c65411687d43fb8aae0e97bb330647a31d929afb361d3a88fb,"W/""2ece15-ZSsbr7PXR1D5y9ySG/1GIuGu/mc""",,changed,raw/apify.store.actors/2026/10/20261001T103145Z-e01571eacd8c.json.gz,,"projected:userPictureUrl,pictureUrl,url"
apify.store.actors,https://api.apify.com/v2/store?limit=1000&offset=2000&category=INTEGRATIONS,2026-10-01T10:31:48Z,200,application/json,3101209,f749ad01b56639c8ed2e1b6a496b8dc27bfbcee8e0fa157ad02fe04787e92bea,"W/""2f5219-yZPqe+Aw9/3/RZzdsFY0gdlFJD0""",,changed,raw/apify.store.actors/2026/10/20261001T103148Z-f749ad01b566.json.gz,,"projected:userPictureUrl,pictureUrl,url"
apify.store.actors,https://api.apify.com/v2/store?limit=1000&offset=0&category=NEWS,2026-10-01T10:31:51Z,200,application/json,3015458,bd890246fb2615e4bb434e911d80cb7a70355dc2e5b440601f856d8fb37c5689,"W/""2e0322-wFQeieecqFW6O1/lMkOWlYycXjw""",,changed,raw/apify.store.actors/2026/10/20261001T103151Z-bd890246fb26.json.gz,,"projected:userPictureUrl,pictureUrl,url"
apify.store.actors,https://api.apify.com/v2/store?limit=1000&offset=1000&category=NEWS,2026-10-01T10:31:53Z,200,application/json,2791685,34086ea373b90e223e0fb96ee3f7345d14c531f173da299cb94f02ad0d49615a,"W/""2a9905-RnOmtgfe3l0gV9rMOhtzhoKwOqk""",,changed,raw/apify.store.actors/2026/10/20261001T103153Z-34086ea373b9.json.gz,,"projected:userPictureUrl,pictureUrl,url"
apify.store.actors,https://api.apify.com/v2/store?limit=1000&offset=2000&category=NEWS,2026-10-01T10:31:56Z,200,application/json,2705129,a0663787cf06a22691e7d30e66b5aa7825a15da41c36484eaa8bc654dbf8eb1e,"W/""2946e9-em3BErG0vNdLsB3XaiDDgc2R3As""",,changed,raw/apify.store.actors/2026/10/20261001T103156Z-a0663787cf06.json.gz,,"projected:userPictureUrl,pictureUrl,url"
apify.store.actors,https://api.apify.com/v2/store?limit=1000&offset=3000&category=NEWS,2026-10-01T10:31:58Z,200,application/json,3126668,9b09d494348d4f211fdc73ad9833330ff99cd42aed6b9987cbdf3938da7fac9d,"W/""2fb58c-aBsKgPeJWc/3m/5x2MC4qhE00yc""",,changed,raw/apify.store.actors/2026/10/20261001T103158Z-9b09d494348d.json.gz,,"projected:userPictureUrl,pictureUrl,url"
apify.store.actors,https://api.apify.com/v2/store?limit=1000&offset=0&category=TRAVEL,2026-10-01T10:32:01Z,200,application/json,3468539,89a3232a0b7c452cc29c274601f62e7699c9ae789d22fb25cf02df6b4ea88cb7,"W/""34ecfb-p83rIr7kNPe2111kA1ecR3S2vmw""",,changed,raw/apify.store.actors/2026/10/20261001T103201Z-89a3232a0b7c.json.gz,,"projected:userPictureUrl,pictureUrl,url"
apify.store.actors,https://api.apify.com/v2/store?limit=1000&offset=1000&category=TRAVEL,2026-10-01T10:32:03Z,200,application/json,3108926,0f3320763bd06650f932ae2df7aaaea19426164600384ab0eacf92558d305c50,"W/""2f703e-BDGPMfxIXjlbBJyLYziRx1Pk2/o""",,changed,raw/apify.store.actors/2026/10/20261001T103203Z-0f3320763bd0.json.gz,,"projected:userPictureUrl,pictureUrl,url"
apify.store.actors,https://api.apify.com/v2/store?limit=1000&offset=2000&category=TRAVEL,2026-10-01T10:32:06Z,200,application/json,2183847,3f0bf33e1ca0b5c929d9bc2c2e0ac4554c45d9c0a262351f64bcd104b93d005e,"W/""2152a7-76ctdhVWU0bvL3SZOywPhngK90U""",,changed,raw/apify.store.actors/2026/10/20261001T103206Z-3f0bf33e1ca0.json.gz,,"projected:userPictureUrl,pictureUrl,url"
apify.store.actors,https://api.apify.com/v2/store?limit=1000&offset=0&category=MCP_SERVERS,2026-10-01T10:32:09Z,200,application/json,3419550,472ec7d0022a1c8eb0456a6f5072feae62710c5bfad95e89d9a81bcbd60bca98,"W/""342d9e-mYgs8t6PRlxmU43ymk1nosd/k4w""",,changed,raw/apify.store.actors/2026/10/20261001T103209Z-472ec7d0022a.json.gz,,"projected:userPictureUrl,pictureUrl,url"
apify.store.actors,https://api.apify.com/v2/store?limit=1000&offset=1000&category=MCP_SERVERS,2026-10-01T10:32:11Z,200,application/json,3177243,e0a3cac0cb14a09c77d23caff4d8e673a41d2c7d62ea3ece155d67684ae8b9c6,"W/""307b1b-bhPhvIp1N/liRVwZ2Xj/1nW5La0""",,changed,raw/apify.store.actors/2026/10/20261001T103211Z-e0a3cac0cb14.json.gz,,"projected:userPictureUrl,pictureUrl,url"
apify.store.actors,https://api.apify.com/v2/store?limit=1000&offset=2000&category=MCP_SERVERS,2026-10-01T10:32:14Z,200,application/json,1581912,42dd50a25d0062c44dc7e2cf825dfcf4face99fd4e832ce091e7470eba1b19ba,"W/""182358-kPk0Fes06udjVVhv8xWnuR8WljQ""",,changed,raw/apify.store.actors/2026/10/20261001T103214Z-42dd50a25d00.json.gz,,"projected:userPictureUrl,pictureUrl,url"
apify.store.actors,https://api.apify.com/v2/store?limit=1000&offset=0&category=MARKETING,2026-10-01T10:32:16Z,200,application/json,3487396,c0c0e8ec8ab9f14c5d3749d30c11413f5ff93600437f95df64fd219a97d5724c,"W/""3536a4-MvPjBziZWu8AdYQAQ6l995gYHeU""",,changed,raw/apify.store.actors/2026/10/20261001T103216Z-c0c0e8ec8ab9.json.gz,,"projected:userPictureUrl,pictureUrl,url"
apify.store.actors,https://api.apify.com/v2/store?limit=1000&offset=1000&category=MARKETING,2026-10-01T10:32:18Z,200,application/json,2883196,70f1c118e0f69f5bef5ddaa5f756c87737af65e7dff10ab45ee21d3518442dbb,"W/""2bfe7c-5KY6EIwg/wGkjlcL6BuQ7vyrT7k""",,changed,raw/apify.store.actors/2026/10/20261001T103218Z-70f1c118e0f6.json.gz,,"projected:userPictureUrl,pictureUrl,url"
apify.store.actors,https://api.apify.com/v2/store?limit=1000&offset=2000&category=MARKETING,2026-10-01T10:32:21Z,200,application/json,1527037,e40c226324dfcdacfec44500d7cb2f6b297517c99782112b2da590399bfc56d1,"W/""174cfd-lx+VzWSQ4kZh5FAjKwTeJN0u7iI""",,changed,raw/apify.store.actors/2026/10/20261001T103221Z-e40c226324df.json.gz,,"projected:userPictureUrl,pictureUrl,url"
apify.store.actors,https://api.apify.com/v2/store?limit=1000&offset=0&category=OPEN_SOURCE,2026-10-01T10:32:23Z,200,application/json,650238,c6336aa08f2ef339efbd5f2d374c34b9e4ddc7e56e26d87c05f1b1d9863bb88a,"W/""9ebfe-+MRG9wr81oAwc46UKgEDLhrmnX4""",,changed,raw/apify.store.actors/2026/10/20261001T103223Z-c6336aa08f2e.json.gz,,"projected:userPictureUrl,pictureUrl,url"
apify.store.actors,https://api.apify.com/v2/store?limit=1000&offset=0&category=SPORTS,2026-10-01T10:32:25Z,200,application/json,1363607,fc6fc949f9a7102a8ee2afad47d6bf66d423732db5fdd7b9f82cde26182e8b48,"W/""14ce97-13qHNsRk3YgtSBoXCurZlcKa2XQ""",,changed,raw/apify.store.actors/2026/10/20261001T103225Z-fc6fc949f9a7.json.gz,,"projected:userPictureUrl,pictureUrl,url"
apify.store.actors,https://api.apify.com/v2/store?limit=1000&offset=0&category=FOR_CREATORS,2026-10-01T10:32:28Z,200,application/json,947368,bcc9e2915228fe5dd2fb399ef45ce2cf08743feb5734521dc3c18b5e1e51b741,"W/""e74a8-7Ma16U3AuqUknXMqPIcYjhzqFus""",,changed,raw/apify.store.actors/2026/10/20261001T103228Z-bcc9e2915228.json.gz,,"projected:userPictureUrl,pictureUrl,url"
apify.store.actors,https://api.apify.com/v2/store?limit=1000&offset=0&category=EDUCATION,2026-10-01T10:32:30Z,200,application/json,1921666,cb28488b50ee1b5f8df1123b15dc7c70eeee72a948e45760ad36aab6c96bb9ef,"W/""1d5282-tNVxhIcIyznj9bDiXIFCKGF638o""",,changed,raw/apify.store.actors/2026/10/20261001T103230Z-cb28488b50ee.json.gz,,"projected:userPictureUrl,pictureUrl,url"
apify.store.actors,https://api.apify.com/v2/store?limit=1000&offset=0&category=GAMES,2026-10-01T10:32:32Z,200,application/json,439314,9824dc00e3fff7c8caa394fcdd0fd7c8e83a7189d9d83891af99a9f4d08c8fe5,"W/""6b412-XNjnN/2pQ5CTWitjtD2wxyWFZIs""",,changed,raw/apify.store.actors/2026/10/20261001T103232Z-9824dc00e3ff.json.gz,,"projected:userPictureUrl,pictureUrl,url"
